entry_type,entry_type_account,entry_number_candle,entry_condition,entry_amount,entry_registration_date,entry_result,sma_30_value,sma_10_value,rsi_value,movement_open_candle,movement_close_candle,movement_high_candle,movement_low_candle,movement_volume_candle
0,0,4,1,1,20240617010008,1,1.070238499999999988906059419,1.070064499999999974022557581,21.90476190475022350377717907,1.07046,1.07041,1.07053,1.070405,181
0,0,4,1,1,20240613015506,1,1.080343833333333318040085183,1.080336499999999988474996826,14.95327102801837682655021049,1.080515,1.080535,1.080545,1.080465,177
1,0,4,1,1,20240618020008,1,1.072962000000000000928442508,1.073194500000000006778577699,73.26732673265237105962867836,1.07297,1.07281,1.073005,1.072805,201
1,0,4,1,1,20240627061008,1,1.070134499999999995919116221,1.070236999999999993882227045,52.02702702702479684929312022,1.070315,1.07039,1.070405,1.070315,170
1,0,4,1,1,20240524053007,0,1.083462166666666659509132841,1.083846499999999979380049808,100,1.0828,1.08288,1.082905,1.08278,154
1,0,4,1,1,20240701024007,1,1.076138333333333352292981999,1.075775500000000017841728095,43.19066147859888560825307726,1.076285,1.076155,1.07633,1.076115,282
1,0,4,1,1,20240623015508,0,1.076133666666666655054029888,1.076103999999999993875121618,82.60869565218510621826969513,1.076115,1.076165,1.076165,1.075975,0
1,0,4,1,1,20240617022507,1,1.069887500000000013500311979,1.070053500000000035186076275,64.03940886698569832773012024,1.069845,1.06988,1.06998,1.069845,261
1,0,4,1,1,20240620033506,1,1.071706500000000006345146632,1.071497000000000032748914691,68.32298136645174642041082572,1.07182,1.071935,1.07203,1.071815,164
0,0,4,1,1,20240614013508,1,1.072868666666666677874294086,1.072668000000000021465496047,9.16030534350575726203793273,1.0727,1.072635,1.072735,1.072615,204
0,0,4,1,1,20240627041507,0,1.068965166666666669984901243,1.069046500000000010643930182,43.52941176471756082351162467,1.06913,1.069115,1.06917,1.069075,201
0,0,4,1,1,20240629010506,1,1.070846000000000008967049325,1.070843000000000011517897747,25.75757575758085501847853698,1.070795,1.070785,1.070885,1.070745,0
0,0,4,1,1,20240517031507,0,1.085666333333333340623501802,1.085269500000000020278889679,6.81818181817608355875710140,1.085085,1.08479,1.08513,1.084775,290
1,0,4,1,1,20240626041007,0,1.069457166666666651326049002,1.069714999999999993640642515,86.23853211008912665224396173,1.069855,1.06991,1.06991,1.069845,158
1,0,4,1,1,20240614011008,0,1.073178333333333330420108117,1.072845000000000026396662634,41.02564102564175557069337595,1.072775,1.07281,1.072815,1.072695,186
0,0,4,1,1,20240630024007,1,1.072933333333333353702225091,1.073023000000000037879033243,33.92857142856222391624991722,1.073065,1.073055,1.073145,1.073035,0
1,0,4,1,1,20240616060507,1,1.065498333333333317677708389,1.065755999999999992233767898,79.62962962961896905188974442,1.065515,1.065575,1.065575,1.065485,0
1,0,4,1,1,20240702042507,0,1.071912666666666661778132644,1.071694499999999972139619331,34.83146067415113624377180555,1.071755,1.07195,1.072035,1.071745,241
1,0,4,1,1,20240611014006,0,1.076915999999999991783757498,1.076875999999999966583175137,41.66666666666666666666666666,1.07694,1.076935,1.07697,1.07692,130
0,0,4,1,1,20240616065007,1,1.066230333333333324397074193,1.066132000000000012995826637,25.86206896550404015428507096,1.066445,1.066295,1.066445,1.066295,0
1,0,4,1,1,20240527020007,0,1.084839333333333340666134366,1.085006500000000007055689366,96.77419354836630175396123754,1.08509,1.08511,1.085155,1.085085,156
0,0,4,1,1,20240713122021,1,1.07872566666666669377150356,1.078507000000000037864822389,6.97674418604170806695673191,1.078705,1.078765,1.078775,1.078705,0
1,0,4,1,1,20240616024507,0,1.066112999999999999545252649,1.065773999999999999133137862,58.97435897436335393698077106,1.066695,1.066605,1.066705,1.066605,0
0,0,4,1,1,20240609023506,1,1.091907333333333333473073405,1.092073000000000004838796031,42.71844660194091037947054418,1.091735,1.091675,1.091735,1.091595,0
1,0,4,1,1,20240616030506,0,1.065871000000000005473547542,1.065914000000000005918820989,67.74193548387019755600095367,1.065915,1.066035,1.066035,1.065885,0
0,0,4,1,1,20240516010008,0,1.088183499999999992446930718,1.088087499999999985256238233,10.93750000000650521303491558,1.08819,1.08817,1.08819,1.08814,183
0,0,4,1,1,20240626051507,1,1.068811000000000007344643412,1.068670000000000008810729923,15.05376344086534962666030899,1.068435,1.06846,1.06846,1.068435,21
0,0,4,1,1,20240627025508,0,1.069351500000000002958226257,1.069219000000000008299139154,19.40298507462290853900779595,1.06948,1.069445,1.06949,1.069375,212
0,0,4,1,1,20240615033508,1,1.064475333333333343747521364,1.064457000000000008732570222,52.23880597014678052344703749,1.064385,1.064405,1.064485,1.064375,0
0,0,4,1,1,20240610021007,1,1.075394500000000016134057053,1.075115999999999982783549512,49.77973568281791815937288677,1.07541,1.075335,1.075425,1.075325,152
1,0,4,1,1,20240510021506,0,1.077764499999999991963761659,1.078011999999999992461141574,76.78571428571947808387367237,1.077295,1.07734,1.077355,1.07727,154
0,0,4,1,1,20240713105413,1,1.079665333333333328743227260,1.079851000000000005307754236,48.71794871794068872237286444,1.079745,1.079685,1.079765,1.079665,0
0,0,4,1,1,20240610045506,1,1.075090833333333336282085686,1.074715000000000020285995106,12.16931216931888267890929665,1.075015,1.074985,1.075045,1.07493,145
0,0,4,1,1,20240513021506,0,1.077189499999999992378244921,1.077207000000000003403499704,10.22727272728935767960440591,1.076955,1.07691,1.076975,1.076875,164
1,0,4,1,1,20240616050508,0,1.065966333333333349031590842,1.065847000000000033281821743,57.30337078651433101698734358,1.065885,1.065855,1.065905,1.065845,0
1,0,4,1,1,20240610012508,1,1.075231833333333320013025514,1.075368499999999993832489054,43.84615384614596291343461207,1.07511,1.075455,1.075455,1.075105,240
1,0,4,1,1,20240522070007,1,1.082692500000000020617581716,1.082432000000000016370904632,66.66666666666666666666666667,1.08283,1.08281,1.08285,1.08274,210
1,0,4,1,1,20240529013507,0,1.084858166666666641949253366,1.085006999999999988126830886,94.79166666667678588694320196,1.084965,1.0849,1.085055,1.0849,255
1,0,4,1,1,20240517043507,0,1.084247166666666650769457192,1.084182499999999960138552524,67.53246753247352456346568024,1.08417,1.084265,1.084285,1.084145,132
1,0,4,1,1,20240524051007,1,1.082924833333333321701748750,1.083053499999999980119014253,85.88957055213670908945743024,1.08283,1.082805,1.082835,1.082755,167
1,0,4,1,1,20240529041009,1,1.083708666666666653455308733,1.083853499999999980829556989,78.89908256882415959468332658,1.08385,1.083915,1.083945,1.08381,167
1,0,4,1,1,20240613011006,1,1.080433333333333341859846163,1.080591500000000015901946426,68.18181818180594795565151124,1.080385,1.08037,1.08041,1.080355,98
0,0,4,1,1,20240527022506,1,1.084956333333333344803861564,1.085004000000000012882139799,69.04761904760981673978014370,1.085205,1.085135,1.085235,1.08511,168
0,0,4,1,1,20240625020007,1,1.073505166666666688080056247,1.073482000000000002870592652,8.59374999999024218044762669,1.073465,1.073615,1.073625,1.07345,156
0,0,4,1,1,20240627050009,0,1.069685166666666679506173902,1.069833500000000037211123072,41.83006535948300515421647643,1.06943,1.069545,1.0696,1.069425,236
0,0,4,1,1,20240623020508,1,1.076098999999999998126535653,1.076152000000000019674928353,26.74418604652243591911478946,1.075885,1.075945,1.075955,1.075835,0
1,0,4,1,1,20240524050508,1,1.082903833333333324754714038,1.082858999999999993768540207,62.16216216215999956557170686,1.08291,1.083005,1.083025,1.082905,146
0,0,4,1,1,20240616023507,0,1.066497999999999997851792463,1.06599599999999998800603862,11.86440677966165482506442115,1.066165,1.066065,1.066215,1.066055,0
0,0,4,1,1,20240515043505,0,1.08281250000000000000000000,1.082701500000000027768010113,48.20143884892477072437630157,1.082675,1.08264,1.082695,1.08256,177
0,0,4,1,1,20240626045508,0,1.069268333333333346561270597,1.068945500000000015106138562,42.18749999998590537175769277,1.06942,1.06946,1.069495,1.069355,206
1,0,4,1,1,20240517012007,1,1.086312833333333320121975399,1.086538000000000026012969556,78.72340425529301421580785096,1.08642,1.08635,1.08642,1.086295,187
1,0,4,1,1,20240615060008,1,1.063949333333333339505581231,1.064127999999999985014653703,95.23809523809859477860808864,1.063755,1.063655,1.063755,1.063655,0
1,0,4,1,1,20240530010508,1,1.079023333333333341717737615,1.079102000000000027846169814,64.10256410257091524100142997,1.07901,1.079075,1.079105,1.079,154
1,0,4,1,1,20240701202007,0,1.061265333333333327203718000,1.061407999999999995921484697,83.56164383562810517721505301,1.061335,1.061295,1.061345,1.061265,0
1,0,4,1,1,20240622032508,1,1.077059666666666659651241390,1.077069999999999971862507664,74.69879518072095766057548264,1.077085,1.077185,1.077185,1.077065,0
1,0,4,1,1,20240609024007,1,1.091944333333333339020043695,1.092017999999999999793942607,43.02325581396189460375594736,1.092205,1.092335,1.092375,1.092195,0
1,0,4,1,1,20240524064008,1,1.083613333333333332101725925,1.083615499999999998159694314,52.42718446601146413895075575,1.08359,1.083505,1.0836,1.08344,178
0,0,4,1,1,20240701014507,1,1.077150333333333328174793071,1.076882500000000009166001291,5.35714285715040968043962533,1.077235,1.077315,1.07746,1.077225,275
0,0,4,1,1,20240629042505,1,1.071650333333333356596502502,1.07148400000000001419664386,47.72727272727100688580894904,1.071395,1.071415,1.071435,1.071335,0
1,0,4,1,1,20240509055505,1,1.073572833333333331751191509,1.073480499999999970839326124,44.28571428573422441350349337,1.073765,1.073675,1.07378,1.07366,140
0,0,4,1,1,20240701202505,1,1.061345666666666668713029746,1.061617000000000010651035609,64.54545454546060121649795607,1.061235,1.061305,1.061315,1.061165,0
0,0,4,1,1,20240609034508,1,1.09151666666666666098232478,1.091319000000000016825651983,24.73118279569712763066889186,1.091485,1.091655,1.091675,1.091485,0
0,0,4,1,1,20240621035007,0,1.068809999999999993391952558,1.069239000000000006096456673,47.02380952380307268367210402,1.0694,1.06948,1.069485,1.069295,220
1,0,4,1,1,20240609023008,1,1.091868000000000008912574382,1.092013999999999995793587004,67.64705882353581443497477009,1.091925,1.091835,1.091925,1.091805,0
0,0,4,1,1,20240711185315,1,1.082656000000000003543239777,1.082777000000000011681322576,79.68749999999783159565502816,1.082535,1.082535,1.082585,1.082465,0
0,0,4,1,1,20240628041003,1,1.069605666666666684191019006,1.069687999999999994393817815,30.60109289616438739658450132,1.069405,1.0694,1.069485,1.069385,178
0,0,4,1,1,20240522020507,1,1.086109833333333352101135461,1.086110000000000019859669464,47.22222222221793895438030185,1.08626,1.08626,1.08634,1.086245,163
0,0,4,1,1,20240615044507,1,1.064678333333333311768361302,1.064621999999999979458209509,52.30769230769020549486461522,1.064535,1.064705,1.064705,1.064535,0
0,0,4,1,1,20240520010007,0,1.088112666666666668765136214,1.088101499999999988155252595,58.97435897436335393698077108,1.08814,1.088035,1.08815,1.088035,123
1,0,4,1,1,20240522024507,0,1.085396666666666676270835978,1.085631500000000038141934056,77.77777777778326036061543213,1.08526,1.0853,1.08533,1.08522,180
1,0,4,1,1,20240623012008,0,1.076874333333333348209729744,1.076815000000000011048939541,43.37349397591457325673893175,1.076495,1.076535,1.076535,1.076415,0
1,0,4,1,1,20240615035007,0,1.064556666666666677005063473,1.064776999999999995694111021,85.00000000001110223024625279,1.064525,1.064535,1.064545,1.064475,0
1,0,4,1,1,20240521034506,1,1.08613300000000000030316490,1.086132499999999967421615565,59.58904109588145250702591424,1.08606,1.086055,1.08609,1.086045,152
1,0,4,1,1,20240522015007,0,1.086032166666666694728367778,1.086076500000000000234479103,61.37931034483603499091272055,1.08609,1.086135,1.086165,1.086055,157
1,0,4,1,1,20240621042507,1,1.068885833333333320223819858,1.06854499999999998927080469,39.25233644858455487610729317,1.068915,1.068965,1.06904,1.068895,237
0,0,4,1,1,20240702033007,0,1.071872999999999979496105122,1.071768999999999971706188262,34.04255319149405254937219048,1.071875,1.071715,1.07188,1.071625,263
1,0,4,1,1,20240529031509,1,1.084469333333333322203865615,1.083391999999999999459987521,46.68769716088248528637191121,1.083025,1.083045,1.08313,1.08292,360
1,0,4,1,1,20240616021007,0,1.066753666666666651903957093,1.066904999999999970050623688,74.54545454545160932753818167,1.066835,1.066835,1.066895,1.066815,0
1,0,4,1,1,20240628023006,1,1.069649333333333348268941638,1.06963949999999998752286956,89.36170212768034822016803553,1.069765,1.06978,1.06984,1.06969,306
1,0,4,1,1,20240614011508,1,1.073069500000000002041626128,1.07284750000000002057021220,74.39024390240864351033152931,1.073375,1.07329,1.073375,1.07325,187
0,0,4,1,1,20240517062006,0,1.083871500000000017334874276,1.083914000000000021906032543,57.81249999997397914786037392,1.083975,1.083955,1.084015,1.083835,166
0,0,4,1,1,20240510022007,0,1.077868666666666652709238861,1.078100499999999994926724867,36.53846153845496909452884339,1.07757,1.077565,1.077645,1.07754,155
0,0,4,1,1,20240713122535,1,1.078669000000000018542796927,1.07845800000000000551381163,90.90909090912761067850002404,1.078965,1.079005,1.079015,1.078945,0
0,0,4,1,1,20240521032007,1,1.086375833333333325766053197,1.086155000000000003801403636,34.67741935484737426918281767,1.086495,1.08648,1.086505,1.086435,177
1,0,4,1,1,20240611022506,0,1.076580833333333327613464311,1.076314000000000015155876554,56.72514619882387885639220392,1.07676,1.076795,1.07687,1.076715,253
0,0,4,1,1,20240623030007,1,1.076428999999999998789708873,1.076513000000000008782308214,33.33333333333333333333333333,1.076475,1.076315,1.076475,1.076305,0
1,0,4,1,1,20240520013006,1,1.088208833333333336312875873,1.088091000000000008185452316,62.22222222222441525535728503,1.088205,1.088225,1.088245,1.088135,143
0,0,4,1,1,20240617023508,1,1.070189000000000012491341294,1.070708500000000018559376258,52.38095238095685653020761078,1.069985,1.069885,1.070005,1.06987,307
1,0,4,1,1,20240509051506,0,1.073269333333333327059240976,1.073580499999999982030374213,94.05940594059884813381859710,1.07332,1.07339,1.07342,1.073295,183
1,0,4,1,1,20240528042009,1,1.086939000000000010714984456,1.086892500000000016946444248,71.42857142856387603384609293,1.08691,1.08699,1.08699,1.08691,93
0,0,4,1,1,20240515044006,0,1.082760166666666664288716978,1.082664000000000004142464149,25.64102564101104243228631864,1.08274,1.08277,1.08279,1.082695,118
0,0,4,1,1,20240630021507,0,1.072775333333333347418658831,1.07290800000000001723776677,35.57692307692369280123407464,1.072755,1.072775,1.072825,1.072695,0
1,0,4,1,1,20240517022007,1,1.086303166666666649338897817,1.086565000000000003055333764,92.30769230769230769230769231,1.08622,1.086265,1.086295,1.086205,185
0,0,4,1,1,20240515052506,0,1.082834833333333339015306743,1.082881999999999989015009305,21.95121951214492745397287395,1.082825,1.082845,1.08285,1.082805,157
1,0,4,1,1,20240622013507,0,1.076264666666666647287797787,1.076444999999999985185183959,95.74468085103769506687166840,1.076165,1.076235,1.076275,1.076165,0
0,0,4,1,1,20240626052006,1,1.068719500000000000028421709,1.068505500000000019156232156,16.66666666665296020957252858,1.068485,1.068525,1.068535,1.068425,193
1,0,4,1,1,20240624021007,1,1.070434999999999988358941513,1.070680999999999971628028561,86.29032258062840974624655246,1.07035,1.070625,1.07064,1.07032,275
1,0,4,1,1,20240523012007,1,1.082395666666666681858070357,1.082312000000000029586999517,55.00000000001110223024625278,1.082375,1.082325,1.08238,1.082315,131
0,0,4,1,1,20240515054505,0,1.082739833333333323572844620,1.082614000000000009649170352,18.18181818181818181818181817,1.08274,1.0827,1.08274,1.082665,95
1,0,4,1,1,20240618022007,1,1.073250666666666663928708658,1.07328049999999997066169044,60.43165467626175098106630085,1.073205,1.073225,1.07328,1.073155,228
0,0,4,1,1,20240713124128,0,1.078927666666666662642626307,1.079543999999999970285102791,82.19178082192030825226036851,1.078665,1.078725,1.078725,1.078635,0
1,0,4,1,1,20240527031008,1,1.084914333333333328705331647,1.084696499999999974583886342,53.01204819277785300726292104,1.084935,1.085015,1.08504,1.08492,118
0,0,4,1,1,20240611012506,0,1.076815333333333346566007548,1.076956500000000005456968211,49.41176470587866500310159222,1.076895,1.076855,1.076895,1.076855,14
0,0,4,1,1,20240509032006,0,1.073317000000000009940492873,1.073269000000000028549607123,31.62393162393389482392355099,1.07301,1.073175,1.07318,1.073005,208
0,0,4,1,1,20240515021006,0,1.082857000000000002870592652,1.083077499999999981916687375,40.54054054054378443542622219,1.08239,1.082445,1.082445,1.08237,128
1,0,4,1,1,20240626065506,0,1.068339833333333310783075377,1.068513999999999986023624388,71.03448275861815501996756236,1.06822,1.068255,1.06832,1.06822,223
0,0,4,1,1,20240611013506,1,1.076913333333333329851673927,1.076925500000000002209787908,37.93103448276742150633867711,1.07694,1.076935,1.07697,1.07692,130
1,0,4,1,1,20240528011507,1,1.087636166666666655740887867,1.087736499999999995047517132,74.19354838710832698256635412,1.0878,1.08763,1.08781,1.08759,156
0,0,4,1,1,20240509011506,0,1.074363833333333332712792678,1.074324499999999993349319993,45.05494505493808337190188427,1.07428,1.07429,1.074345,1.07427,165
1,0,4,1,1,20240516022506,0,1.087740833333333319761967080,1.087881999999999993455901404,76.23762376239539253527438842,1.08786,1.08784,1.087945,1.08774,218
1,0,4,1,1,20240616045507,0,1.066145333333333344860704983,1.065945000000000009166001291,48.38709677420163533940933662,1.065975,1.065945,1.065985,1.065905,0
1,0,4,1,1,20240626010008,1,1.070458333333333326523965450,1.070389499999999993740118498,37.50000000000770988211545428,1.07038,1.07033,1.070415,1.07033,135
0,0,4,1,1,20240520030506,0,1.087298833333333332914113119,1.087269000000000018779644506,66.66666666666666666666666667,1.08731,1.087355,1.087365,1.08724,214
0,0,4,1,1,20240517042007,1,1.084397833333333334889421925,1.084300500000000000433431069,32.43243243244702995941799986,1.084275,1.08419,1.0843,1.08414,170
1,0,4,1,1,20240629021507,1,1.070352000000000007122006687,1.070425999999999988609999946,77.77777777778691541584054028,1.070355,1.070395,1.070395,1.070305,0
0,0,4,1,1,20240510034007,1,1.078330500000000006603310492,1.078311500000000000554223334,48.95833333333791107583938396,1.078555,1.078455,1.078565,1.07842,162
0,0,4,1,1,20240622041009,0,1.076925333333333334451253904,1.076628999999999969361397234,60.71428571432253290642891707,1.076915,1.076805,1.076915,1.076805,0
1,0,4,1,1,20240520024005,0,1.087290500000000019002281231,1.087290500000000004199307568,74.35897435897922517214387854,1.08725,1.087225,1.087285,1.08719,153
1,0,4,1,1,20240509053006,0,1.073511166666666653372412081,1.073539499999999979884535151,80.48780487803028777829297873,1.073535,1.07348,1.07356,1.073475,143
0,0,4,1,1,20240615040508,0,1.064804666666666658573584906,1.064936999999999955868190682,31.14754098361729858341480545,1.064505,1.064655,1.064705,1.064505,0
0,0,4,1,1,20240524044506,0,1.082917499999999992136660390,1.083008499999999973972819589,17.14285714281847386472049773,1.08312,1.083075,1.08313,1.08291,207
0,0,4,1,1,20240510064507,0,1.077823333333333340651923512,1.077918000000000020577317628,31.54362416107202522278786965,1.078035,1.07806,1.07808,1.077965,165
0,0,4,1,1,20240517033006,1,1.085206166666666679117743873,1.084991000000000016534329461,73.91304347826926444631096971,1.084975,1.085125,1.08513,1.08497,239
1,0,4,1,1,20240528035009,0,1.087159999999999978233707528,1.08683049999999998824762315,56.75675675674540312465685734,1.08681,1.08683,1.086855,1.08671,165
0,0,4,1,1,20240627061510,1,1.070180333333333326055007243,1.070172999999999996489918885,38.75968992247208049112721185,1.069885,1.069935,1.069955,1.069845,220
0,0,4,1,1,20240521025006,1,1.086468333333333317429018432,1.086576999999999992851940078,58.51063829785374456681253330,1.086475,1.0865,1.086515,1.086465,112
1,0,4,1,1,20240515021505,0,1.082929833333333324851821543,1.082969499999999984929388574,46.15384615385929258017307286,1.083145,1.083125,1.08317,1.083075,215
0,0,4,1,1,20240621033007,0,1.068383333333333321905437666,1.068425999999999986833643106,20.13888888887753822910779991,1.06848,1.06844,1.068485,1.068375,249
0,0,4,1,1,20240521011007,1,1.085930499999999991149005988,1.085909499999999994201971276,51.96078431371652645770198853,1.085995,1.085935,1.086,1.085925,124
1,0,4,1,1,20240528033008,0,1.087615499999999994310921162,1.087455499999999974924946855,38.63636363636478328824857973,1.08763,1.08763,1.087725,1.087595,257
1,0,4,1,1,20240522053507,0,1.084393999999999991246113495,1.084229499999999979387155236,36.64122137405692898783494964,1.084345,1.08428,1.084355,1.08427,195
1,0,4,1,1,20240517040507,0,1.084403333333333356118070394,1.084471000000000029395152978,83.99999999996447286321201738,1.084415,1.084405,1.08442,1.08426,180
0,0,4,1,1,20240625010008,1,1.07423500000000001393848000,1.074208500000000010565770481,39.21568627452175557273722312,1.07418,1.074225,1.07423,1.07417,136
1,0,4,1,1,20240524011008,0,1.081005333333333329193237659,1.08111450000000002269473498,61.78861788618326481469214792,1.081055,1.08096,1.0811,1.080945,160
0,0,4,1,1,20240621020507,0,1.071218333333333339041359977,1.070950500000000027434055028,20.37037037037265477988605914,1.07123,1.071265,1.07129,1.0712,175
1,0,4,1,1,20240626040006,1,1.069421666666666663007371577,1.069351999999999991430854607,57.65306122449303272018841087,1.06929,1.069385,1.069385,1.06921,220
1,0,4,1,1,20240620041005,1,1.071772999999999997911004357,1.071974499999999963506525091,82.49999999999930611060960939,1.072055,1.07206,1.072095,1.071995,202
1,0,4,1,1,20240613021507,1,1.080443833333333329231133273,1.080705499999999985583087891,80.00000000000000000000000001,1.0804,1.080365,1.080415,1.08036,154
1,0,4,1,1,20240520010505,1,1.088126999999999999779731752,1.088169999999999992823518369,54.16666666669236627371816508,1.08799,1.08798,1.08804,1.08797,96
1,0,4,1,1,20240625014507,1,1.073533166666666679075111309,1.073480500000000037452707602,60.58394160584320178345015746,1.073745,1.073675,1.073745,1.073655,192
0,0,4,1,1,20240701214508,0,1.063006666666666655274298137,1.063332999999999994855670593,74.99999999998265276524023723,1.062645,1.062735,1.062765,1.062645,0
1,0,4,1,1,20240520011006,1,1.088147666666666661209698456,1.088235500000000000042632564,81.39534883719729342320578948,1.08797,1.087995,1.088,1.08796,103
0,0,4,1,1,20240629032506,1,1.071209666666666674809486418,1.071463999999999994194865849,31.48148148148300442115860796,1.071455,1.071495,1.071575,1.071455,0
0,0,4,1,1,20240702040007,0,1.071883333333333328714805551,1.072127999999999969915620568,58.73015873016432463101348107,1.07152,1.07156,1.071575,1.071425,231
1,0,4,1,1,20240528061009,0,1.087994000000000001845042637,1.088265000000000015667467323,98.75776397514739859432386920,1.08785,1.087865,1.08789,1.087805,132
0,0,4,1,1,20240530013508,1,1.079395333333333336274980259,1.079458000000000028606450542,56.48148148148833471002855617,1.07934,1.07935,1.079375,1.079335,162
0,0,4,1,1,20240616044008,0,1.066437333333333348228677550,1.066359000000000012420287021,32.89473684211218283048589002,1.066775,1.066705,1.066775,1.066705,0
1,0,4,1,1,20240609032008,0,1.091831000000000003365604092,1.091673000000000004483524663,54.09836065574784939071144022,1.091735,1.091535,1.091735,1.091535,0
0,0,4,1,1,20240711181029,0,1.082752333333333316645052946,1.082590999999999992198240761,37.50000000001156482317317786,1.082805,1.082775,1.082845,1.082765,0
0,0,4,1,2,20240720134437,0,1.091842666666666665046629230,1.091840999999999994862776021,47.43589743589634100293429534,1.091775,1.091775,1.091845,1.091745,0
0,0,4,1,1,20240626065006,0,1.068277999999999972047248776,1.068399999999999971933561938,48.45360824743636793185848026,1.0683,1.0683,1.0683,1.0683,4
0,0,4,1,1,20240627031509,0,1.068994999999999998922343517,1.068791999999999964288122101,32.40740740741502210579303969,1.069115,1.0691,1.069225,1.0691,185
0,0,4,1,1,20240524022008,1,1.081620666666666667291944274,1.081794000000000011141310097,53.33333333332675423392815462,1.08165,1.08158,1.081655,1.081525,173
1,0,4,1,1,20240702025006,1,1.071565166666666650089704641,1.071359499999999997932320639,62.85714285715614960900232891,1.071775,1.07148,1.07178,1.071465,238
1,0,4,1,1,20240613020507,1,1.080336666666666656233530831,1.080289500000000013635315099,82.35294117647827143961678628,1.080265,1.080225,1.080315,1.08016,185
1,0,4,1,1,20240524055008,1,1.084010333333333327606358883,1.084244999999999992112975633,61.53846153845102747432307608,1.08381,1.083785,1.08384,1.083785,147
0,0,4,1,1,20240609025507,1,1.092127666666666674366581446,1.092255999999999982463805281,24.99999999999074814146145260,1.091965,1.092225,1.092225,1.091925,0
1,0,4,1,1,20240622025507,0,1.076743000000000013057407007,1.077024000000000025778490454,81.57894736841413295898779218,1.076645,1.076705,1.076745,1.076625,0
1,0,4,1,1,20240616063007,0,1.066198999999999993034312714,1.066332999999999997520205852,65.15151515150597611825379113,1.066265,1.066305,1.066375,1.066265,0
0,0,4,1,1,20240630033005,1,1.072435000000000019741245675,1.072269000000000049865889196,24.09638554216931933402504009,1.072345,1.072275,1.072345,1.072225,0
0,0,4,1,1,20240515025506,1,1.082975000000000020961010705,1.082853500000000002145839062,14.04958677684737137600299846,1.08303,1.08281,1.08303,1.082805,196
0,0,4,1,1,20240717111827,0,1.092938500000000012768452962,1.092772499999999991082688666,25.66371681416346547930002297,1.0932,1.09318,1.09325,1.09317,190
0,0,4,1,1,20240615010508,0,1.064355333333333342160642586,1.06440900000000000513722398,29.52380952380650279449081654,1.064075,1.064175,1.064185,1.064045,0
0,0,4,1,1,20240711185119,0,1.082643666666666678229565454,1.082676000000000038347991449,70.93023255813262976485495508,1.082835,1.082855,1.082975,1.082825,0
1,0,4,1,1,20240609044508,1,1.091841666666666665896912037,1.091753000000000017877255232,44.00000000000710542735759861,1.091895,1.091975,1.092035,1.091865,0
1,0,4,1,1,20240614012007,1,1.073006833333333331914616338,1.072989499999999996049382389,76.19047619048424651627846093,1.07291,1.07294,1.07295,1.072875,172
0,0,4,1,1,20240713124216,1,1.078965999999999995454894968,1.07959699999999998443200866,81.15942028986253458029573639,1.078435,1.078555,1.078585,1.078435,0
0,0,4,1,1,20240624062008,1,1.073032333333333343539095495,1.072997000000000000774491582,14.75409836066886584603156983,1.07325,1.073335,1.07337,1.073215,244
0,0,4,1,1,20240626044008,1,1.069666333333333341215620748,1.069480500000000011695533431,12.96296296296600884231721589,1.069505,1.06942,1.069505,1.069285,265
0,0,4,1,1,20240615021008,1,1.064159999999999994813038029,1.064284000000000007801759239,31.03448275860484818514208511,1.064085,1.064035,1.064095,1.063945,0
0,0,4,1,1,20240627054009,0,1.069501833333333307152201996,1.069767999999999985583087891,37.96296296296600884231721586,1.069305,1.069145,1.06933,1.069145,191
1,0,4,1,1,20240701210005,0,1.062074666666666655778783479,1.062148999999999987586818406,67.79661016949917993467136159,1.061795,1.062015,1.062015,1.061765,0
0,0,4,1,1,20240717112603,1,1.092837999999999998301802861,1.092624499999999976296294335,23.52941176471868769347894636,1.0928,1.09279,1.09283,1.092765,180
0,0,4,1,1,20240622030507,0,1.076973000000000009931018970,1.077126000000000005663025604,16.88311688313261236870778662,1.077095,1.077025,1.077095,1.076925,0
1,0,4,1,1,20240517045007,0,1.084268000000000002162418392,1.084380000000000010551559626,68.29268292682266375357153065,1.08434,1.084385,1.084385,1.084325,108
1,0,4,1,1,20240524021508,1,1.081597333333333329126920337,1.081700499999999975919706685,66.10169491526316755090189590,1.081285,1.0813,1.0813,1.081215,161
0,0,4,1,1,20240701023507,1,1.076311333333333353223792983,1.075821000000000005059064279,39.04382470119620597275248009,1.0758,1.0756,1.07594,1.07555,346
1,0,4,1,1,20240527025007,1,1.084978999999999997131775823,1.084986999999999990329513366,57.62711864403845431822307949,1.084865,1.084895,1.084935,1.08484,131
1,0,4,1,1,20240620022007,0,1.073224499999999996073067147,1.073205999999999993299582002,66.66666666665368160205117189,1.073225,1.073185,1.073245,1.07315,152
0,0,4,1,1,20240609020507,0,1.091895333333333336274980259,1.091845000000000043272052608,41.07142857142786337817307055,1.092115,1.092045,1.092125,1.092025,0
0,0,4,1,1,20240626013507,0,1.070249833333333322471503379,1.070166999999999957182694743,29.41176470587851133901513796,1.070375,1.070445,1.07046,1.070325,207
0,0,4,1,1,20240717111537,1,1.092991333333333351755337996,1.092829999999999990301091657,13.51351351353459883027044427,1.092965,1.09285,1.09299,1.09285,191
0,0,4,1,1,20240626060007,0,1.068559666666666670605441898,1.068616999999999994663824054,25.60975609756493833322293311,1.068305,1.0683,1.068345,1.068265,198
0,0,4,1,1,20240522053007,0,1.084444833333333324532077313,1.08430549999999996657606971,32.38095238094633892231496638,1.08437,1.08449,1.084495,1.084365,132
1,0,4,1,1,20240611012006,0,1.076801000000000008149925178,1.076925999999999983280929427,65.15151515150597611825379113,1.07682,1.076805,1.076845,1.076795,165
1,0,4,1,1,20240623045508,0,1.075124000000000005587234378,1.075215999999999993974597601,79.20792079209139740993608963,1.075165,1.075175,1.075255,1.075115,0
0,0,4,1,1,20240513013506,0,1.077382833333333348827901925,1.077404000000000028336444302,28.16901408451320893566544626,1.07742,1.077415,1.077435,1.0774,169
1,0,4,1,1,20240517063507,1,1.083967000000000006446991088,1.084091999999999988979482168,68.08510638298877521977931871,1.084,1.083975,1.084005,1.083935,167
0,0,4,1,1,20240625011508,0,1.073994666666666667846167608,1.073706999999999989192644989,35.78947368421101838139595574,1.07424,1.074185,1.07424,1.074155,111
1,0,4,1,1,20240528060509,1,1.087889833333333326296591774,1.087936000000000014154011296,92.63157894736694485581213276,1.087875,1.087855,1.087895,1.08782,139
1,0,4,1,1,20240622011007,1,1.075703333333333315084227402,1.075836999999999976651565703,85.00000000002636779683487233,1.075565,1.075685,1.075705,1.075555,0
1,0,4,1,1,20240527023007,1,1.084924000000000006889896061,1.084996999999999989228172126,41.93548387096658665658207551,1.084845,1.084885,1.084885,1.084815,140
1,0,4,1,1,20240624040509,1,1.071560666666666679821181181,1.071494499999999994166444139,68.46153846153872431314192310,1.07114,1.07125,1.071275,1.071125,191
1,0,4,1,1,20240520022006,0,1.087756666666666653201881825,1.08735150000000000414246415,25.64102564102272130697008509,1.087865,1.087805,1.087925,1.08777,212
1,0,4,1,1,20240626053508,0,1.068477500000000005956716601,1.068405000000000026894042549,82.90598290598647452794824327,1.06841,1.068525,1.068555,1.068405,203
0,0,4,1,1,20240621064008,0,1.068529499999999991347957954,1.068603999999999998316013716,22.22222222223440573963922053,1.06865,1.06862,1.06869,1.0686,187
0,0,4,1,1,20240509024506,1,1.073691000000000010198656735,1.07346449999999999924682470,3.80952380954636643605586195,1.073915,1.073815,1.073915,1.07381,95
0,0,4,1,1,20240509031006,0,1.073289500000000007418066161,1.073372999999999999332089828,35.77235772358017112307389704,1.073265,1.073265,1.073315,1.073215,156
0,0,4,1,1,20240627051008,0,1.069709500000000016820915031,1.069617000000000017756462967,6.06060606060198265188383706,1.069795,1.07003,1.07006,1.069725,174
1,0,4,1,1,20240523014507,1,1.082542333333333354576192657,1.082497500000000023590018827,22.66666666668245650523910339,1.082675,1.08254,1.0827,1.08251,151
0,0,4,1,1,20240615015506,0,1.063923999999999988238149248,1.064033999999999990926369264,26.08695652173493299423581882,1.063925,1.063835,1.063945,1.063835,0
1,0,4,1,1,20240517011007,0,1.086165499999999976369717084,1.086365499999999961744379107,87.85046728972195347651244703,1.0864,1.08646,1.08649,1.0864,117
0,0,4,1,1,20240521054507,1,1.086988833333333300442310096,1.086864499999999988943955032,22.61904761904447215695967825,1.08702,1.087035,1.087035,1.086985,123
1,0,4,1,1,20240615055507,0,1.063967000000000018289370018,1.063830000000000031157298963,80.00000000000000000000000001,1.063825,1.063755,1.063835,1.063745,0
0,0,4,1,1,20240609011008,1,1.091887666666666648988363401,1.091778999999999966163954923,8.33333333332819341192303046,1.091855,1.091875,1.091935,1.091855,0
0,0,4,1,1,20240617033507,1,1.070804333333333335787074248,1.070883499999999988183674304,61.01694915253897087649257838,1.071215,1.070945,1.07124,1.07092,311
1,0,4,1,1,20240620035006,0,1.071608833333333351175061430,1.071707000000000009620748642,51.78571428570649715990377614,1.071465,1.071455,1.071495,1.071415,191
0,0,4,1,1,20240616015007,1,1.066708666666666660560736091,1.066733999999999982222220751,52.08333333334489815650650048,1.066835,1.066815,1.066855,1.066775,0
0,0,4,1,1,20240701215004,0,1.063131666666666660011249709,1.063471000000000010743406165,34.09090909089762166296874250,1.063435,1.063415,1.063455,1.063375,0
0,0,4,1,1,20240617015006,0,1.069538333333333331628030768,1.069799499999999992105870206,57.22713864307028111661233000,1.06896,1.06914,1.069165,1.06894,189
1,0,4,1,1,20240524013009,0,1.08118766666666668759451871,1.081217000000000050263793128,85.59999999998408384271898190,1.081125,1.081115,1.0812,1.081075,219
0,0,4,1,1,20240522051008,0,1.084431166666666671953104621,1.084509000000000011887379969,70.00000000002220446049250558,1.084545,1.084505,1.08456,1.084485,149
0,0,4,1,1,20240628061005,1,1.070831833333333316105040466,1.071036999999999972388309288,48.64864864863891696399159200,1.07068,1.07064,1.070715,1.07064,154
0,0,4,1,2,20240720134158,0,1.091845333333333334380199631,1.09188400000000001011102313,37.68115942029498527757650553,1.091835,1.091675,1.091855,1.091665,0
1,0,4,1,1,20240625030507,1,1.072625166666666681377269773,1.072735000000000016306955786,62.93103448275697053652701255,1.072565,1.07257,1.07265,1.07251,198
0,0,4,1,1,20240522032507,1,1.085479000000000008678095279,1.085253500000000004277467269,25.31645569620466634774803789,1.085645,1.08565,1.085675,1.085605,174
0,0,4,1,1,20240510043507,1,1.078401999999999993917754182,1.078476999999999974555464632,41.12149532710241585360306553,1.07836,1.078345,1.07837,1.07831,148
1,0,4,1,1,20240616035007,1,1.066230333333333339200047855,1.066431000000000017813306385,54.76190476191105568608064351,1.066045,1.066085,1.066095,1.066035,0
0,0,4,1,1,20240713123116,0,1.078676333333333348107885285,1.078767999999999993576693669,90.42553191487979577493110615,1.078615,1.078435,1.078635,1.078425,0
0,0,4,1,1,20240625012507,0,1.073804000000000002934541498,1.073653499999999993974597601,40.22988505747243781004055866,1.07371,1.07369,1.07373,1.07369,160
0,0,4,1,1,20240516013507,0,1.087873333333333336625514676,1.087793500000000013194778603,33.70786516852530964493592173,1.08819,1.087945,1.0882,1.08789,222
0,0,4,1,1,20240629020006,0,1.070599666666666667976433776,1.070306000000000024030555323,10.93749999999891579782751485,1.070385,1.070305,1.070415,1.070275,0
0,0,4,1,1,20240616042508,1,1.066566333333333334761524232,1.066532999999999997697841536,29.23076923076397527562307470,1.066765,1.066745,1.066775,1.066635,0
1,0,4,1,1,20240611011006,0,1.076785833333333345744146451,1.076770500000000030382807381,72.78911564625891442381401278,1.07689,1.076895,1.076935,1.07688,147
0,0,4,1,1,20240510052007,1,1.077916999999999991821653111,1.077860499999999976949993652,67.00000000000222044604925057,1.07763,1.077705,1.07774,1.07762,160
1,0,4,1,1,20240627022008,1,1.069313666666666673421559608,1.069416000000000011027623259,76.02040816326634652303432181,1.069235,1.069415,1.069415,1.069205,184
1,0,4,1,1,20240616061008,1,1.065667666666666657526718609,1.06601599999999998580335614,100,1.065205,1.065215,1.065255,1.065135,0
0,0,4,1,1,20240617011007,0,1.069808666666666644810372115,1.06910399999999998765787268,13.67521367520962004885446251,1.069065,1.06886,1.06908,1.06886,232
0,0,4,1,1,20240623013008,1,1.076764000000000002602954888,1.076410000000000000142108547,18.91891891892378476124744430,1.076155,1.076105,1.076165,1.076105,0
0,0,4,1,1,20240713124711,0,1.079153666666666662917369498,1.079701999999999983970155881,32.43243243244702995941799986,1.079445,1.079315,1.079495,1.079295,0
0,0,4,1,1,20240621052007,1,1.069493333333333340284809764,1.069222999999999990095034263,6.61764705883409381770837068,1.06958,1.06967,1.0697,1.06957,166
1,0,4,1,1,20240630020507,1,1.072787666666666680133819986,1.072722000000000019959145447,62.74509803921739365324817472,1.072815,1.072835,1.072895,1.072795,0
1,0,4,1,1,20240625013508,1,1.073608666666666662988423771,1.073465500000000005798028724,33.67346938774215483353207081,1.07364,1.073575,1.07364,1.073565,156
0,0,4,1,1,20240514013005,1,1.078692166666666659343339537,1.078612999999999977340792157,29.78723404252806195055170322,1.078775,1.078615,1.078775,1.078615,167
0,0,4,1,1,20240616051007,1,1.065879000000000006072771915,1.065835999999999983423037975,37.03703703703399115768278413,1.065905,1.066045,1.066065,1.065905,0
1,0,4,1,1,20240524070009,1,1.08386616666666664906178615,1.084078499999999967151609326,77.88461538460183529592728372,1.084135,1.084185,1.084205,1.08411,206
0,0,4,1,1,20240711182039,0,1.082615333333333314710008229,1.082463999999999981760367973,55.00000000000277555756156166,1.082845,1.082815,1.082885,1.082775,0
1,0,4,1,1,20240626031008,0,1.069271666666666664724516522,1.069340000000000001634248292,71.77419354839980484211330300,1.069035,1.069085,1.06914,1.069,239
1,0,4,1,1,20240623035007,1,1.075370666666666667291944274,1.075290999999999996816768544,92.10526315790011880967616164,1.075685,1.075595,1.075715,1.075585,0
0,0,4,1,1,20240713121718,0,1.078794666666666686912397684,1.07862200000000003630162837,22.03389830508347001088810642,1.078805,1.078785,1.078865,1.078775,0
0,0,4,1,1,20240717112004,1,1.092920833333333341386151005,1.092744499999999985284659942,28.43137254901875415376807023,1.092865,1.092805,1.092895,1.09277,154
1,0,4,1,1,20240628041505,1,1.069594166666666682867041042,1.069585999999999992304822172,47.32142857143140363016485952,1.069835,1.069575,1.069835,1.069575,248
0,0,4,1,1,20240620025007,1,1.073199166666666689214556148,1.072877500000000039470648972,5.31914893620036821252940276,1.07337,1.073395,1.07341,1.07337,133
0,0,4,1,1,20240510035506,1,1.078205999999999990338987270,1.078139499999999983970155881,23.80952380948856434842456823,1.07814,1.07818,1.078215,1.078095,227
0,0,4,1,1,20240615030007,0,1.064422000000000008886521148,1.064325000000000009947598301,10.20408163266785803281465287,1.064335,1.064325,1.064335,1.064235,0
0,0,4,1,1,20240527014506,0,1.084665000000000005068538182,1.084771499999999999630517777,76.19047619046612042608049953,1.084865,1.08486,1.08488,1.08482,106
0,0,4,1,1,20240616021507,1,1.066781333333333329586404640,1.066928999999999994052757302,27.27272727271259209223635697,1.066875,1.066995,1.067005,1.066855,0
1,0,4,1,1,20240615034008,1,1.064469000000000005930663368,1.064463000000000025835333872,57.14285714285210783208786704,1.064505,1.064635,1.064645,1.064505,0
1,0,4,1,1,20240509050505,0,1.073054666666666660349941746,1.073161500000000012633449842,80.41237113403241814246599000,1.073025,1.07311,1.07316,1.07301,202
1,0,4,1,1,20240618010508,0,1.072216333333333304622669858,1.072362499999999974065190145,84.48275862067117345737842381,1.072115,1.072185,1.07219,1.072115,155
0,0,4,1,1,20240515024006,0,1.08298483333333335210113546,1.083028500000000016179058093,36.69064748201346909743833168,1.082895,1.082925,1.083005,1.08288,211
0,0,4,1,1,20240517033507,0,1.085032000000000011278681692,1.084908500000000008967049325,1.92307692308896691644070340,1.084905,1.084975,1.084995,1.084885,178
1,0,4,1,1,20240521035007,1,1.086155000000000003801403636,1.086199499999999984467535796,66.00000000000976996261671113,1.086145,1.086155,1.08617,1.086105,125
0,0,4,1,1,20240509015006,0,1.074081499999999992726410862,1.073907999999999995921484697,27.14285714283901676694489917,1.07424,1.074185,1.074265,1.074175,169
1,0,4,1,1,20240617013008,0,1.069219833333333332288835511,1.06938399999999997902477844,71.71717171716718611152076276,1.06914,1.06906,1.06918,1.068975,296
0,0,4,1,1,20240521021007,0,1.086066999999999997209935524,1.086165000000000002700062396,39.88764044943245560610912259,1.086015,1.086145,1.086145,1.086005,145
0,0,4,1,1,20240521023006,1,1.086329499999999992354560164,1.086422499999999957687180086,20.20202020201249921786812670,1.086105,1.086225,1.08625,1.086085,226
1,0,4,1,1,20240522063508,1,1.083278333333333343091453571,1.08316850000000002296474122,36.24161073825423343235016428,1.083225,1.083285,1.08331,1.083205,137
0,0,4,1,1,20240629022007,1,1.070380000000000012920035411,1.070558999999999993946175891,66.66666666666666666666666667,1.070345,1.070405,1.070425,1.070325,0
1,0,4,1,1,20240626055008,1,1.068459166666666670941765460,1.068530999999999986371790328,62.28070175439416600572207326,1.068305,1.068345,1.068355,1.06828,152
1,0,4,1,1,20240628044007,1,1.069640166666666665958492407,1.069720000000000026396662633,89.53488372093743789956490213,1.069665,1.06962,1.06969,1.069595,202
0,0,4,1,1,20240615041507,1,1.064897999999999989029220160,1.064898000000000011233680652,53.52112676057086839572252646,1.064815,1.064965,1.064975,1.064815,0
0,0,4,1,1,20240530011008,1,1.079082666666666678878527818,1.079290000000000016022738691,68.99224806203231633929485783,1.078905,1.07884,1.078915,1.07884,158
0,0,4,1,1,20240618020508,1,1.07304216666666667467922025,1.073270999999999997243094185,63.85542168674827722226694665,1.072675,1.072745,1.072745,1.07263,207
1,0,4,1,1,20240618012009,1,1.072396499999999989564495687,1.072503500000000009606537787,56.58914728683264687074325981,1.072545,1.072485,1.072545,1.07247,153
0,0,4,1,1,20240621062008,0,1.068178666666666646693310364,1.06843499999999995697663735,46.72131147540536056292142342,1.06848,1.068485,1.06853,1.06845,176
1,0,4,1,1,20240510063507,1,1.077835166666666662689995822,1.077718999999999982541964982,86.59793814433556070838367520,1.07797,1.07798,1.077995,1.07796,155
1,0,4,1,1,20240622040509,0,1.077017333333333337641590788,1.076686999999999971855402237,36.53846153845496909452884339,1.077435,1.077395,1.077445,1.077345,0
1,0,4,1,1,20240622013007,1,1.076121333333333314937381904,1.076321999999999956543206281,50.79365079365582867584863911,1.075675,1.075555,1.075685,1.075555,0
0,0,4,1,1,20240626014507,0,1.070069666666666644931164380,1.069835500000000005904610134,23.57723577236652962938429584,1.06986,1.069825,1.069915,1.069815,200
0,0,4,1,1,20240628014505,1,1.069507999999999999414986482,1.06959899999999998865263251,33.51351351351468131567235948,1.06929,1.069345,1.069345,1.069255,206
0,0,4,1,1,20240609051507,1,1.091612333333333340057436089,1.091657999999999995033306277,31.37254901960869682662408738,1.091395,1.091295,1.091395,1.091265,0
1,0,4,1,1,20240629040507,0,1.071715000000000010219973016,1.071807000000000043016257223,60.65573770491504911845034896,1.071385,1.071285,1.071385,1.071275,0
0,0,4,1,1,20240609033507,0,1.091655999999999989332385060,1.091609999999999969233499542,44.15584415584864991610575240,1.091625,1.091715,1.091715,1.091585,0
0,0,4,1,1,20240515042506,1,1.082906333333333326329750435,1.08274850000000000260769184,6.12244897958813753261265994,1.082655,1.08267,1.082695,1.0826,167
0,0,4,1,1,20240613011507,0,1.08046983333333332932824078,1.080565499999999978797404765,30.20833333331164928988361483,1.08036,1.080385,1.080385,1.08036,10
0,0,4,1,1,20240522055507,1,1.084098166666666651636319331,1.083940999999999976743936258,37.17948717947440571799412219,1.084095,1.084065,1.084105,1.08405,149
0,0,4,1,1,20240529025506,1,1.085432666666666667865115414,1.085357000000000016193268948,1.19047619048374301377295872,1.085245,1.085335,1.085385,1.08519,172
0,0,4,1,1,20240621053508,1,1.069085000000000003813246015,1.068867000000000011539214029,23.07692307693183607908974480,1.06863,1.06847,1.068635,1.06845,284
1,0,4,1,1,20240615062008,1,1.064448000000000008983628656,1.064680000000000026361135497,78.87323943661267067312279419,1.064535,1.064615,1.064615,1.064495,0
0,0,4,1,1,20240510030507,0,1.078139333333333323613108708,1.078079500000000012782663816,3.00000000001865174681369640,1.07838,1.07826,1.07838,1.078245,183
1,0,4,1,1,20240616011008,0,1.066516999999999974294932297,1.066451999999999999957367436,98.27586206895495626135909932,1.066315,1.066285,1.066315,1.066185,0
1,0,4,1,1,20240524014008,0,1.081335166666666684302337368,1.081557000000000012818190953,54.90196078430006646028912388,1.08101,1.08114,1.08115,1.081005,206
1,0,4,1,1,20240515032505,1,1.082796666666666673961572087,1.083057999999999987394971868,74.99999999997779553950750427,1.082625,1.082605,1.08267,1.08259,160
1,0,4,1,1,20240517041507,0,1.084414000000000011247891507,1.084337499999999976374454036,30.20134228188939622075687878,1.084265,1.08431,1.084315,1.08425,151
0,0,4,1,1,20240628014006,0,1.069452666666666673656038712,1.069659500000000007524647572,34.00000000000444089209850114,1.0693,1.0693,1.06932,1.06924,132
1,0,4,1,1,20240615023508,0,1.064243666666666669288569362,1.064393000000000011340262063,76.66666666665926517983583148,1.064235,1.064155,1.064255,1.064155,0
0,0,4,1,1,20240626033507,0,1.069655166666666660605737130,1.069836999999999993526955677,22.98850574712585006049696116,1.069495,1.06953,1.069595,1.069465,175
1,0,4,1,1,20240701012008,1,1.076426000000000016143530956,1.076917500000000016413537196,76.88888888888108169092806987,1.07596,1.07622,1.076275,1.07592,236
0,0,4,1,1,20240610033006,1,1.076457666666666668220386782,1.07640000000000002344791028,42.85714285713854140709572167,1.076475,1.076515,1.076515,1.07639,205
1,0,4,1,1,20240623010008,1,1.076603666666666669904373067,1.076741000000000036962433114,73.45132743362779690358307214,1.076475,1.076635,1.076635,1.076465,0
0,0,4,1,1,20240627011009,0,1.069529000000000003763508024,1.069447000000000036479264054,46.34146341463546724928569387,1.06948,1.06949,1.069495,1.069435,159
1,0,4,1,1,20240509051006,1,1.073155166666666667415105014,1.073362000000000016086687538,93.13725490196249169246385951,1.0731,1.073145,1.073165,1.0731,159
0,0,4,1,1,20240620042506,1,1.072048500000000004206412996,1.072203000000000039371172988,12.61261261258341755864144271,1.07202,1.072,1.07204,1.071975,176
0,0,4,1,1,20240528045009,0,1.087256833333333339020043695,1.087496500000000021479706902,61.53846153845027668952198975,1.087265,1.087295,1.087325,1.08722,138
1,0,4,1,1,20240517023007,0,1.086547499999999999431565811,1.086710500000000023668178528,46.87499999997831595655028150,1.08622,1.086265,1.086295,1.086205,185
0,0,4,1,1,20240711182622,1,1.082617999999999984043578630,1.082678999999999991388222043,100,1.082485,1.082545,1.082555,1.082465,0
1,0,4,1,1,20240617031008,1,1.069906499999999982541964982,1.070343499999999958838259317,84.50704225352200771515542574,1.07038,1.070465,1.070505,1.07034,235
1,0,4,1,1,20240626040506,0,1.069394499999999988600526043,1.069485999999999981113774083,72.85714285712926257520867437,1.06961,1.069665,1.069695,1.06957,182
1,0,4,1,1,20240701210505,0,1.062130666666666659973354096,1.062339999999999995416999354,89.23076923076765412114846141,1.062205,1.062155,1.062205,1.062045,0
0,0,4,1,1,20240618013008,1,1.072644666666666668497498449,1.072931000000000012484235867,52.70270270269053809688138921,1.0723,1.072355,1.07237,1.07229,181
0,0,4,1,1,20240629024007,0,1.070648999999999976632617896,1.070673999999999947974060887,29.23076923076397527562307470,1.070725,1.070695,1.070775,1.070655,0
0,0,4,1,1,20240702024008,1,1.071840833333333324143647284,1.071719999999999983764098488,37.65432098765533628077240531,1.071475,1.071515,1.071535,1.071455,387
1,0,4,1,1,20240513012006,0,1.077368333333333335251798721,1.077339500000000005464073638,56.94444444443416460162383241,1.07744,1.077465,1.07749,1.077405,262
1,0,4,1,1,20240524062509,0,1.083805499999999992037184407,1.083545999999999986940224517,65.75342465750841290015885625,1.083565,1.083595,1.083635,1.083545,173
0,0,4,1,1,20240517030507,1,1.085991833333333334010717408,1.085814500000000015766943307,30.76923076923602472437692527,1.085815,1.0858,1.085835,1.08574,181
0,0,4,1,1,20240521030006,0,1.086491500000000002638482025,1.086492000000000013315570868,51.08695652174647595573948745,1.08664,1.08663,1.08671,1.08661,155
0,0,4,1,1,20240616022507,1,1.066741666666666669508837610,1.066569000000000011496581465,17.54385964914741029786794540,1.066595,1.066505,1.066595,1.066475,0
1,0,4,1,1,20240617033006,1,1.070670166666666670944133936,1.070770500000000025053736863,60.00000000000507530525543081,1.07064,1.07075,1.070815,1.07056,240
0,0,4,1,1,20240628032006,0,1.069619000000000016055897353,1.069503500000000051350923513,37.06896551725293038224193780,1.06959,1.06952,1.06959,1.06951,253
1,0,4,1,1,20240517020007,1,1.086115000000000008206768598,1.085977499999999973390174546,69.40298507462290853900779598,1.085985,1.08599,1.08602,1.085945,188
1,0,4,1,1,20240626063506,1,1.068311833333333312386533484,1.068176999999999976509457156,45.65217391304767570141635173,1.068545,1.068625,1.0687,1.068545,244
1,0,4,1,1,20240702013006,0,1.073360666666666651813955014,1.073314999999999996838084826,57.14285714286361646078499086,1.073205,1.07325,1.07325,1.07311,167
0,0,4,1,1,20240623050508,1,1.075308333333333325280515661,1.075568999999999975081266257,41.02564102564175557069337595,1.075275,1.075125,1.075285,1.075125,0
1,0,4,1,1,20240702032508,0,1.071895166666666643351391031,1.071777999999999941849182505,59.05511811022327968698434648,1.07169,1.071675,1.071735,1.071625,261
0,0,4,1,1,20240529030509,0,1.085134166666666651520264016,1.084658999999999950958340378,18.82951653943931221532639564,1.08539,1.08528,1.0854,1.08525,235
0,0,4,1,1,20240528032009,0,1.087737000000000005724605974,1.087633500000000008611777957,36.92307692308638296541691738,1.087795,1.08776,1.087825,1.08775,139
1,0,4,1,1,20240625025507,1,1.072617500000000008893626575,1.072564000000000028478552849,69.56521739130644654636034944,1.072605,1.07258,1.07265,1.07257,190
0,0,4,1,1,20240713111940,0,1.079455666666666657782513993,1.079178999999999977177367328,42.49999999997363220316513500,1.079815,1.079815,1.079975,1.079805,0
0,0,4,1,1,20240609045008,1,1.091805000000000003268496585,1.091706000000000020833113013,55.93220338983305997822378719,1.091665,1.091755,1.091875,1.091665,0
1,0,4,1,1,20240523013006,1,1.082449000000000016719070572,1.082617500000000032578384435,66.94214876033239842583095453,1.08261,1.08264,1.08267,1.08256,187
1,0,4,1,1,20240702033508,0,1.071827333333333317118748104,1.071684500000000017649881556,47.16981132073574556597293854,1.071875,1.071715,1.07188,1.071625,263
1,0,4,1,1,20240616070006,1,1.066079333333333326964501945,1.065880000000000005222489108,83.33333333334875309756425140,1.066205,1.066155,1.066235,1.066135,0
1,0,4,1,1,20240529024507,1,1.085547333333333330784853387,1.085386499999999987409182722,44.79166666667919522510427598,1.085425,1.08542,1.085465,1.085375,193
1,0,4,1,1,20240527040507,1,1.085047833333333329915622775,1.084955999999999987082333064,69.62025316457688591231502031,1.085115,1.0852,1.08521,1.085115,145
1,0,4,1,1,20240610023507,0,1.075545833333333319477749986,1.07603050000000000085975671,81.49779735682612545536757932,1.07607,1.076265,1.076325,1.07607,185
0,0,4,1,1,20240630012507,1,1.072991333333333319188795940,1.072985999999999995324628799,30.30303030301195223650758228,1.072995,1.072995,1.073065,1.072975,0
0,0,4,1,1,20240517013007,1,1.086463666666666672000474137,1.086487500000000028244073746,19.44444444444101783017091135,1.086515,1.08651,1.086585,1.086485,160
0,0,4,1,1,20240625014007,0,1.073563999999999999760783946,1.073432500000000011652900866,43.26923076923323274339783547,1.073545,1.07354,1.07358,1.073495,111
0,0,4,1,1,20240517054508,1,1.084320166666666655312193749,1.084316999999999997505994998,26.37362637361135793035164201,1.08429,1.084295,1.084295,1.084215,136
1,0,4,1,1,20240609010008,0,1.091959666666666669184356427,1.091928999999999994052757302,62.33766233765409853042949961,1.092015,1.091925,1.092075,1.091925,0
1,0,4,1,1,20240609013507,0,1.091550999999999989794237838,1.091540999999999983494092248,77.89473684211387430600817692,1.091365,1.091355,1.091405,1.091315,0
1,0,4,1,1,20240627013007,1,1.069459833333333357667053558,1.069452000000000002621902695,64.35643564356479177454156444,1.069415,1.06946,1.06948,1.06936,164
1,0,4,1,1,20240510064007,1,1.077842499999999999656571010,1.07788550000000000750333129,74.26470588235654267849683642,1.07783,1.07769,1.077845,1.077655,190
0,0,4,1,1,20240629045505,1,1.071004666666666656678804278,1.070896999999999965602626162,29.41176470588811534441847145,1.071085,1.071135,1.071135,1.071005,0
1,0,4,1,1,20240528012008,0,1.087690999999999993027207287,1.087811499999999997889688075,73.49397590360478830287741316,1.08748,1.08756,1.08759,1.087475,124
0,0,4,1,2,20240720141629,1,1.091811000000000012969773404,1.09179699999999999526778538,36.00000000000177635683939966,1.091875,1.091805,1.091875,1.091755,0
1,0,4,1,1,20240522023007,0,1.085502499999999984995705896,1.085210499999999966824759667,63.09523809523494834743587203,1.08622,1.086065,1.086235,1.086045,214
1,0,4,1,1,20240626054008,0,1.068450666666666681869912736,1.068531000000000030780711313,70.80745341614889699887741596,1.06875,1.06866,1.068785,1.068605,231
0,0,4,1,1,20240713124818,0,1.079187999999999991729282556,1.079675999999999991274535205,21.87500000002493664996715030,1.079195,1.079335,1.079335,1.079195,0
1,0,4,1,1,20240609021508,0,1.091810666666666677452705395,1.091771000000000002572164704,71.42857142857142857142857143,1.091675,1.091695,1.091735,1.091645,0
1,0,4,1,1,20240626023007,0,1.069002666666666656603013052,1.068690999999999990954790974,45.03816793893492060424095222,1.06906,1.06888,1.069135,1.06886,218
1,0,4,1,1,20240509061006,1,1.073364166666666667341682265,1.073070500000000015994316982,37.71428571427454861415233511,1.073455,1.073475,1.073515,1.07345,129
0,0,4,1,1,20240610043007,0,1.075619666666666662813156563,1.075527000000000010793144156,10.44776119403281859574415305,1.07566,1.07556,1.075685,1.075535,194
0,0,4,1,1,20240509031507,1,1.073292833333333347785772578,1.073350500000000029565683235,35.91549295775220507808772973,1.073115,1.07302,1.07315,1.073,214
1,0,4,1,1,20240701015007,0,1.077060999999999986916539759,1.07655699999999996396837787,37.15846994535598690174657361,1.077555,1.077555,1.077645,1.077425,264
0,0,4,1,1,20240620024006,1,1.073308666666666673824200492,1.073392500000000016058265828,36.06557377048643267550570811,1.073395,1.0734,1.07341,1.073335,147
0,0,4,1,1,20240521022506,0,1.086280333333333336653936386,1.086516499999999996184385509,42.15686274508694125388686425,1.08601,1.08596,1.086115,1.085925,190
0,0,4,1,1,20240609043008,0,1.091807000000000008969417801,1.091893000000000002458477866,43.42105263157471867961534422,1.091985,1.092115,1.092135,1.091955,0
1,0,4,1,1,20240628022505,0,1.069627833333333340644818084,1.069412000000000007027267657,64.10256410255475946435555374,1.06935,1.069445,1.069445,1.06931,257
1,0,4,1,1,20240626024507,1,1.068775166666666653902950656,1.068846999999999969332975525,72.41379310346015696459170748,1.068755,1.06878,1.068795,1.068725,222
0,0,4,1,1,20240627013508,1,1.069521333333333353484325320,1.069656500000000010075495993,78.30188679244215876765223524,1.06948,1.069455,1.069505,1.069425,149
1,0,4,1,1,20240701010508,0,1.076022000000000011787903986,1.075985500000000016918022538,87.24832214765490731930637249,1.07616,1.07616,1.07617,1.07611,132
1,0,4,1,1,20240614014507,1,1.072532999999999995625425223,1.071840499999999973823605615,24.50980392155987713494624366,1.07312,1.072985,1.07312,1.07293,165
0,0,4,1,1,20240529024009,1,1.085560166666666666775616553,1.085453999999999985526244473,32.53012048192255376153462037,1.085555,1.08551,1.08557,1.08546,181
0,0,4,1,1,20240623053508,1,1.074763000000000009078367687,1.074434000000000000163424829,22.64150943397886413920763408,1.075195,1.074965,1.075195,1.074955,0
0,0,4,1,1,20240627070007,0,1.069936166666666658523846915,1.069658500000000000973443548,5.73248407641708631600605452,1.069495,1.06936,1.069615,1.06934,253
0,0,4,1,1,20240524033008,1,1.082241166666666639291823534,1.082152499999999983870679898,33.66336633662103853829463121,1.082335,1.08235,1.08237,1.082315,175
1,0,4,1,1,20240627044508,1,1.069490333333333335434171355,1.069565000000000010160761121,49.49494949494587010133781989,1.069305,1.06924,1.069305,1.069165,178
0,0,4,1,1,20240517014007,0,1.086446666666666693856768689,1.086314500000000027313262763,19.48051948052771965138868219,1.086645,1.08657,1.086655,1.08657,159
1,0,4,1,1,20240515031505,0,1.082728500000000012211861152,1.082730000000000014637180357,89.79591836736358518487569079,1.08273,1.08276,1.08282,1.082725,165
1,0,4,1,1,20240528053508,1,1.087792833333333334759155756,1.087729000000000012526868431,38.77551020409273025930486554,1.087605,1.087575,1.087635,1.08755,202
1,0,4,1,1,20240615061508,0,1.064279333333333347570241282,1.064626000000000027867486097,63.15789473684620580987857731,1.064615,1.064655,1.064665,1.064595,0
0,0,4,1,1,20240609015007,1,1.091760999999999988870532282,1.092020999999999997243094185,20.96774193548329332829103776,1.091515,1.091515,1.091595,1.091485,0
1,0,4,1,1,20240622024508,0,1.076515666666666663312904954,1.076768999999999998351540853,61.53846153846416620834230701,1.076275,1.076305,1.076345,1.076225,0
1,0,4,1,1,20240623011508,0,1.07687933333333335135980254,1.076988000000000011979750525,43.24324324324162129580040096,1.077055,1.077105,1.077135,1.077035,0
0,0,4,1,1,20240615053007,1,1.064403000000000010238920822,1.064376000000000010992096122,40.62500000000433680868994370,1.064525,1.064375,1.064525,1.064375,0
0,0,4,1,1,20240622042511,1,1.076588333333333332338573503,1.076392000000000037651659568,11.29032258061858987558127555,1.076525,1.076565,1.076605,1.076525,0
0,0,4,1,1,20240626011507,1,1.070384500000000005393019365,1.070376000000000038525627133,30.23255813953968728188047326,1.07043,1.070425,1.07045,1.070345,180
0,0,4,1,1,20240713122224,0,1.078689333333333359258669285,1.078443000000000018268053737,19.56521739129175550444659296,1.078885,1.078775,1.078895,1.078775,0
0,0,4,1,1,20240510013507,0,1.077924666666666656903809477,1.077734999999999976338926899,19.04761904762106162906961524,1.07792,1.07796,1.07804,1.07785,211
0,0,4,1,1,20240618014008,0,1.072749500000000000277111667,1.072813999999999978740561346,50.60975609756526856017850509,1.072815,1.072755,1.072825,1.07272,181
0,0,4,1,1,20240510012007,1,1.077838000000000007183587059,1.078112500000000006927791674,51.56249999999186848370636402,1.078085,1.07807,1.07813,1.078065,159
0,0,4,1,1,20240624013009,0,1.070154833333333329233501748,1.070468500000000000582645043,54.12844036698070024628962633,1.070475,1.07038,1.070545,1.07037,237
0,0,4,1,1,20240621014007,1,1.071832166666666674714747387,1.071660499999999993647747942,15.17857142856080781545319698,1.071795,1.071905,1.071915,1.071795,147
0,0,4,1,1,20240522043507,1,1.084467166666666678350357718,1.084349500000000032784441828,55.99999999998721023075631566,1.08459,1.084485,1.08461,1.08448,178
1,0,4,1,1,20240624042509,1,1.071758999999999995011989994,1.071956500000000001016076112,85.22727272725896417738068669,1.07178,1.071875,1.071925,1.07175,282
0,0,4,1,1,20240610044507,1,1.075429833333333321891226811,1.075226499999999951739937387,20.19230769233438036116884726,1.075235,1.07526,1.07529,1.07518,176
1,0,4,1,1,20240524051507,0,1.083026499999999995675163215,1.083376499999999986734167123,98.05825242721334918981966083,1.082855,1.08283,1.082895,1.0828,141
1,0,4,1,1,20240630013506,0,1.072957999999999996928086906,1.072910000000000030340174817,63.93442622950342285181564203,1.073005,1.072965,1.073015,1.072955,0
0,0,4,1,1,20240701020507,1,1.076821333333333319259850213,1.076994999999999969020336721,46.15384615384615384615384615,1.07674,1.076735,1.076785,1.07667,145
0,0,4,1,1,20240621055009,0,1.068541500000000010750511592,1.068206000000000011063150396,29.44444444445335364155563054,1.068465,1.068305,1.0685,1.068295,186
1,0,4,1,1,20240513022006,0,1.077180333333333339673743012,1.077157000000000031114666399,56.36363636363709766811545458,1.077115,1.077075,1.07713,1.077075,132
1,0,4,1,1,20240524020508,1,1.08155950000000000699174052,1.081457000000000001627142865,69.01408450704797972597505725,1.08156,1.081465,1.08156,1.08146,152
0,0,4,1,1,20240616064007,1,1.066268999999999985324924031,1.06622599999999996267519009,28.30188679246310637189044015,1.066245,1.066125,1.066265,1.066045,0
1,0,4,1,1,20240524052508,1,1.083278999999999991921129094,1.083601499999999995260679952,85.59322033896614713579283991,1.082875,1.082895,1.082905,1.08283,164
0,0,4,1,1,20240615051508,0,1.06449833333333333159250363,1.064390999999999998237854015,21.87500000002493664996715030,1.064575,1.064355,1.064595,1.064335,0
0,0,4,1,1,20240713105631,1,1.079692666666666663507119968,1.079839000000000015511147921,55.88235294118223299147729308,1.079785,1.079735,1.079835,1.079705,0
1,0,4,1,1,20240516011007,0,1.088109333333333320995942964,1.088061999999999973631759076,72.41379310344651569873226458,1.08804,1.08805,1.088055,1.08797,233
1,0,4,1,1,20240524025508,0,1.082029666666666682199130871,1.082306499999999993555377387,86.61417322833213922815289397,1.08243,1.08246,1.08246,1.08238,136
